what,kind,bundleId,bundleVersion,description,time
activated,perspective,org.eclipse.jdt.ui,,"org.eclipse.jdt.ui.JavaPerspective",1351370794271
started,bundle,org.eclipse.osgi,3.7.2.v20120110-1415,"org.eclipse.osgi",1351370794273
started,bundle,org.eclipse.equinox.simpleconfigurator,1.0.200.v20110815-1438,"org.eclipse.equinox.simpleconfigurator",1351370794275
started,bundle,com.ibm.icu,4.4.2.v20110823,"com.ibm.icu",1351370794277
started,bundle,org.eclipse.compare,3.5.202.R37x_v20111109-0800,"org.eclipse.compare",1351370794277
started,bundle,org.eclipse.compare.core,3.5.200.I20110208-0800,"org.eclipse.compare.core",1351370794278
started,bundle,org.eclipse.core.contenttype,3.4.100.v20110423-0524,"org.eclipse.core.contenttype",1351370794278
started,bundle,org.eclipse.core.databinding.observable,1.4.0.I20110222-0800,"org.eclipse.core.databinding.observable",1351370794281
started,bundle,org.eclipse.core.expressions,3.4.300.v20110228,"org.eclipse.core.expressions",1351370794281
started,bundle,org.eclipse.core.filebuffers,3.5.200.v20110928-1504,"org.eclipse.core.filebuffers",1351370794282
started,bundle,org.eclipse.core.jobs,3.5.101.v20120113-1953,"org.eclipse.core.jobs",1351370794283
started,bundle,org.eclipse.core.net,1.2.100.I20110511-0800,"org.eclipse.core.net",1351370794283
started,bundle,org.eclipse.core.resources,3.7.101.v20120125-1505,"org.eclipse.core.resources",1351370794283
started,bundle,org.eclipse.core.runtime,3.7.0.v20110110,"org.eclipse.core.runtime",1351370794283
started,bundle,org.eclipse.core.runtime.compatibility,3.2.100.v20100505,"org.eclipse.core.runtime.compatibility",1351370794285
started,bundle,org.eclipse.core.runtime.compatibility.auth,3.2.200.v20110110,"org.eclipse.core.runtime.compatibility.auth",1351370794287
started,bundle,org.eclipse.epp.mpc.ui,1.1.1.I20110907-0947,"org.eclipse.epp.mpc.ui",1351370794287
started,bundle,org.eclipse.epp.usagedata.gathering,1.3.1.R201106061540,"org.eclipse.epp.usagedata.gathering",1351370794287
started,bundle,org.eclipse.epp.usagedata.recording,1.3.1.R201106061540,"org.eclipse.epp.usagedata.recording",1351370794289
started,bundle,org.eclipse.equinox.app,1.3.100.v20110321,"org.eclipse.equinox.app",1351370794289
started,bundle,org.eclipse.equinox.common,3.6.0.v20110523,"org.eclipse.equinox.common",1351370794290
started,bundle,org.eclipse.equinox.ds,1.3.1.R37x_v20110701,"org.eclipse.equinox.ds",1351370794292
started,bundle,org.eclipse.equinox.event,1.2.100.v20110502,"org.eclipse.equinox.event",1351370794293
started,bundle,org.eclipse.equinox.p2.core,2.1.1.v20120113-1346,"org.eclipse.equinox.p2.core",1351370794294
started,bundle,org.eclipse.equinox.p2.directorywatcher,1.0.300.v20110815-1419,"org.eclipse.equinox.p2.directorywatcher",1351370794296
started,bundle,org.eclipse.equinox.p2.engine,2.1.1.R37x_v20111003,"org.eclipse.equinox.p2.engine",1351370794297
started,bundle,org.eclipse.equinox.p2.metadata,2.1.0.v20110815-1419,"org.eclipse.equinox.p2.metadata",1351370794299
started,bundle,org.eclipse.equinox.p2.metadata.repository,1.2.0.v20110815-1419,"org.eclipse.equinox.p2.metadata.repository",1351370794299
started,bundle,org.eclipse.equinox.p2.operations,2.1.1.R37x_v20111111,"org.eclipse.equinox.p2.operations",1351370794300
started,bundle,org.eclipse.equinox.p2.reconciler.dropins,1.1.100.v20110815-1419,"org.eclipse.equinox.p2.reconciler.dropins",1351370794300
started,bundle,org.eclipse.equinox.p2.repository,2.1.1.v20120113-1346,"org.eclipse.equinox.p2.repository",1351370794304
started,bundle,org.eclipse.equinox.p2.ui.sdk.scheduler,1.0.100.v20110815-1419,"org.eclipse.equinox.p2.ui.sdk.scheduler",1351370794305
started,bundle,org.eclipse.equinox.p2.updatechecker,1.1.200.v20110815-1419,"org.eclipse.equinox.p2.updatechecker",1351370794307
started,bundle,org.eclipse.equinox.preferences,3.4.2.v20120111-2020,"org.eclipse.equinox.preferences",1351370794307
started,bundle,org.eclipse.equinox.registry,3.5.101.R37x_v20110810-1611,"org.eclipse.equinox.registry",1351370794307
started,bundle,org.eclipse.equinox.security,1.1.1.R37x_v20110822-1018,"org.eclipse.equinox.security",1351370794307
started,bundle,org.eclipse.equinox.util,1.0.300.v20110502,"org.eclipse.equinox.util",1351370794309
started,bundle,org.eclipse.help,3.5.100.v20110426,"org.eclipse.help",1351370794310
started,bundle,org.eclipse.jdt.core,3.7.3.v20120119-1537,"org.eclipse.jdt.core",1351370794310
started,bundle,org.eclipse.jdt.core.manipulation,1.4.0.v20110928-1453,"org.eclipse.jdt.core.manipulation",1351370794310
started,bundle,org.eclipse.jdt.ui,3.7.2.v20120109-1427,"org.eclipse.jdt.ui",1351370794310
started,bundle,org.eclipse.jface,3.7.0.v20110928-1505,"org.eclipse.jface",1351370794311
started,bundle,org.eclipse.m2e.discovery,1.0.200.20111228-1245,"org.eclipse.m2e.discovery",1351370794311
started,bundle,org.eclipse.m2e.logback.configuration,1.0.200.20111228-1245,"org.eclipse.m2e.logback.configuration",1351370794311
started,bundle,org.eclipse.search,3.7.0.v20110928-1504,"org.eclipse.search",1351370794311
started,bundle,org.eclipse.team.core,3.6.0.I20110525-0800,"org.eclipse.team.core",1351370794311
started,bundle,org.eclipse.team.ui,3.6.101.R37x_v20111109-0800,"org.eclipse.team.ui",1351370794311
started,bundle,org.eclipse.ui,3.7.0.v20110928-1505,"org.eclipse.ui",1351370794311
started,bundle,org.eclipse.ui.console,3.5.100.v20111007_r372,"org.eclipse.ui.console",1351370794311
started,bundle,org.eclipse.ui.editors,3.7.0.v20110928-1504,"org.eclipse.ui.editors",1351370794311
started,bundle,org.eclipse.ui.forms,3.5.101.v20111011-1919,"org.eclipse.ui.forms",1351370794314
started,bundle,org.eclipse.ui.ide,3.7.0.v20110928-1505,"org.eclipse.ui.ide",1351370794314
started,bundle,org.eclipse.ui.intro,3.4.100.v20110425,"org.eclipse.ui.intro",1351370794314
started,bundle,org.eclipse.ui.intro.universal,3.2.500.v20110510,"org.eclipse.ui.intro.universal",1351370794314
started,bundle,org.eclipse.ui.net,1.2.100.v20111208-1155,"org.eclipse.ui.net",1351370794315
started,bundle,org.eclipse.ui.views,3.6.0.v20110928-1505,"org.eclipse.ui.views",1351370794315
started,bundle,org.eclipse.ui.workbench,3.7.1.v20120104-1859,"org.eclipse.ui.workbench",1351370794315
started,bundle,org.eclipse.ui.workbench.texteditor,3.7.0.v20110928-1504,"org.eclipse.ui.workbench.texteditor",1351370794315
started,bundle,org.eclipse.update.configurator,3.3.100.v20100512,"org.eclipse.update.configurator",1351370794315
started,bundle,org.eclipse.update.core,3.2.500.v20110330,"org.eclipse.update.core",1351370794316
started,bundle,org.eclipse.update.scheduler,3.2.300.v20100512,"org.eclipse.update.scheduler",1351370794317
started,bundle,org.eclipse.wb.discovery.core,1.3.0.r37x201202052340,"org.eclipse.wb.discovery.core",1351370794319
started,bundle,com.collabnet.subversion.merge,3.0.8,"com.collabnet.subversion.merge",1351370794319
started,bundle,org.eclipse.mylyn.bugzilla.core,3.7.1.v20120425-0100,"org.eclipse.mylyn.bugzilla.core",1351370794319
started,bundle,org.eclipse.mylyn.bugzilla.ui,3.7.1.v20120425-0100,"org.eclipse.mylyn.bugzilla.ui",1351370794319
started,bundle,org.eclipse.mylyn.commons.core,3.7.1.v20120425-0100,"org.eclipse.mylyn.commons.core",1351370794319
started,bundle,org.eclipse.mylyn.commons.net,3.7.1.v20120425-0100,"org.eclipse.mylyn.commons.net",1351370794320
started,bundle,org.eclipse.mylyn.commons.notifications.core,0.9.1.v20120425-0100,"org.eclipse.mylyn.commons.notifications.core",1351370794320
started,bundle,org.eclipse.mylyn.commons.notifications.feed,0.9.1.v20120425-0100,"org.eclipse.mylyn.commons.notifications.feed",1351370794321
started,bundle,org.eclipse.mylyn.commons.notifications.ui,0.9.1.v20120425-0100,"org.eclipse.mylyn.commons.notifications.ui",1351370794321
started,bundle,org.eclipse.mylyn.commons.ui,3.7.1.v20120425-0100,"org.eclipse.mylyn.commons.ui",1351370794322
started,bundle,org.eclipse.mylyn.commons.workbench,3.7.1.v20120425-0100,"org.eclipse.mylyn.commons.workbench",1351370794322
started,bundle,org.eclipse.mylyn.context.core,3.7.1.v20120425-0100,"org.eclipse.mylyn.context.core",1351370794322
started,bundle,org.eclipse.mylyn.context.tasks.ui,3.7.1.v20120425-0100,"org.eclipse.mylyn.context.tasks.ui",1351370794322
started,bundle,org.eclipse.mylyn.monitor.ui,3.7.1.v20120425-0100,"org.eclipse.mylyn.monitor.ui",1351370794322
started,bundle,org.eclipse.mylyn.tasks.index.core,3.7.1.v20120425-0100,"org.eclipse.mylyn.tasks.index.core",1351370794324
started,bundle,org.eclipse.mylyn.tasks.ui,3.7.1.v20120425-0100,"org.eclipse.mylyn.tasks.ui",1351370794324
started,bundle,org.tigris.subversion.clientadapter,1.8.2,"org.tigris.subversion.clientadapter",1351370794324
started,bundle,org.tigris.subversion.subclipse.core,1.8.9,"org.tigris.subversion.subclipse.core",1351370794324
started,bundle,org.tigris.subversion.subclipse.mylyn,3.0.0,"org.tigris.subversion.subclipse.mylyn",1351370794324
started,bundle,org.tigris.subversion.subclipse.ui,1.8.9,"org.tigris.subversion.subclipse.ui",1351370794324
os,sysinfo,,,"macosx",1351370794333
arch,sysinfo,,,"x86_64",1351370794333
ws,sysinfo,,,"cocoa",1351370794333
locale,sysinfo,,,"en_US",1351370794333
processors,sysinfo,,,"4",1351370794333
java.runtime.name,sysinfo,,,"Java(TM) SE Runtime Environment",1351370794333
java.runtime.version,sysinfo,,,"1.6.0_35-b10-428-11M3811",1351370794333
java.specification.name,sysinfo,,,"Java Platform API Specification",1351370794333
java.specification.vendor,sysinfo,,,"Sun Microsystems Inc.",1351370794333
java.specification.version,sysinfo,,,"1.6",1351370794333
java.vendor,sysinfo,,,"Apple Inc.",1351370794333
java.version,sysinfo,,,"1.6.0_35",1351370794333
java.vm.info,sysinfo,,,"mixed mode",1351370794333
java.vm.name,sysinfo,,,"Java HotSpot(TM) 64-Bit Server VM",1351370794333
java.vm.specification.name,sysinfo,,,"Java Virtual Machine Specification",1351370794333
java.vm.specification.vendor,sysinfo,,,"Sun Microsystems Inc.",1351370794333
java.vm.specification.version,sysinfo,,,"1.0",1351370794333
java.vm.vendor,sysinfo,,,"Apple Inc.",1351370794333
java.vm.version,sysinfo,,,"20.10-b01-428",1351370794333
started,bundle,org.eclipse.m2e.usagedata,1.0.200.20111228-1245,"org.eclipse.m2e.usagedata",1351370794342
started,bundle,org.eclipse.wb.discovery.ui,1.3.0.r37x201202052340,"org.eclipse.wb.discovery.ui",1351370796552
started,bundle,org.eclipse.mylyn.team.ui,3.7.1.v20120425-0100,"org.eclipse.mylyn.team.ui",1351370796572
started,bundle,org.tigris.subversion.subclipse.tools.usage,1.1.0,"org.tigris.subversion.subclipse.tools.usage",1351370796581
started,bundle,org.eclipse.jsch.core,1.1.300.I20110514-0800,"org.eclipse.jsch.core",1351370796768
started,bundle,org.eclipse.team.cvs.core,3.3.400.I20110510-0800,"org.eclipse.team.cvs.core",1351370796769
started,bundle,org.eclipse.team.cvs.ui,3.3.401.v20120126-1227,"org.eclipse.team.cvs.ui",1351370796873
deactivated,workbench,org.eclipse.ui.workbench,3.7.1.v20120104-1859,"",1351370797278
activated,workbench,org.eclipse.ui.workbench,3.7.1.v20120104-1859,"",1351370802474
activated,view,org.eclipse.jdt.ui,3.7.2.v20120109-1427,"org.eclipse.jdt.ui.PackageExplorer",1351370806881
activated,view,org.eclipse.jdt.ui,3.7.2.v20120109-1427,"org.eclipse.jdt.ui.PackageExplorer",1351370806919
closed,view,org.eclipse.ui,3.7.0.v20110928-1505,"org.eclipse.ui.internal.introview",1351370806945
started,bundle,org.eclipse.debug.core,3.7.1.v20111129-2031,"org.eclipse.debug.core",1351370815388
started,bundle,org.eclipse.jdt.launching,3.6.1.v20111006_r372,"org.eclipse.jdt.launching",1351370815416
started,bundle,org.eclipse.jdt.launching.macosx,3.2.100.v20111006_r372,"org.eclipse.jdt.launching.macosx",1351370815432
deactivated,workbench,org.eclipse.ui.workbench,3.7.1.v20120104-1859,"",1351370817649
activated,workbench,org.eclipse.ui.workbench,3.7.1.v20120104-1859,"",1351370825377
deactivated,workbench,org.eclipse.ui.workbench,3.7.1.v20120104-1859,"",1351370839401
activated,workbench,org.eclipse.ui.workbench,3.7.1.v20120104-1859,"",1351370868317
deactivated,workbench,org.eclipse.ui.workbench,3.7.1.v20120104-1859,"",1351370874497
activated,workbench,org.eclipse.ui.workbench,3.7.1.v20120104-1859,"",1351370881715
executed,command,org.eclipse.ui,3.7.0.v20110928-1505,"org.eclipse.ui.file.import",1351370881783
deactivated,workbench,org.eclipse.ui.workbench,3.7.1.v20120104-1859,"",1351370885634
started,bundle,org.eclipse.core.filesystem,1.3.100.v20110423-0524,"org.eclipse.core.filesystem",1351370895158
error,log,,,"Unhandled event loop exception",1351370929532
executed,command,org.eclipse.ui,3.7.0.v20110928-1505,"org.eclipse.ui.cocoa.closeDialog",1351371027075
executed,command,org.eclipse.ui,3.7.0.v20110928-1505,"org.eclipse.ui.cocoa.closeDialog",1351371028502
closed,workbench,org.eclipse.ui.workbench,3.7.1.v20120104-1859,"",1351371037404
executed,command,org.eclipse.ui,3.7.0.v20110928-1505,"org.eclipse.ui.file.import",1351371038159
stopped,bundle,org.eclipse.m2e.logback.configuration,1.0.200.20111228-1245,"org.eclipse.m2e.logback.configuration",1351371038270
stopped,bundle,org.eclipse.m2e.discovery,1.0.200.20111228-1245,"org.eclipse.m2e.discovery",1351371038272
stopped,bundle,org.eclipse.m2e.refactoring,1.0.200.20111228-1245,"org.eclipse.m2e.refactoring",1351371038272
stopped,bundle,org.eclipse.m2e.editor,1.0.200.20111228-1245,"org.eclipse.m2e.editor",1351371038272
stopped,bundle,org.eclipse.m2e.editor.xml,1.0.200.20111228-1245,"org.eclipse.m2e.editor.xml",1351371038273
stopped,bundle,org.eclipse.m2e.jdt,1.0.200.20111228-1245,"org.eclipse.m2e.jdt",1351371038273
stopped,bundle,org.eclipse.m2e.launching,1.0.200.20111228-1245,"org.eclipse.m2e.launching",1351371038274
stopped,bundle,org.eclipse.m2e.usagedata,1.0.200.20111228-1245,"org.eclipse.m2e.usagedata",1351371038274
stopped,bundle,org.eclipse.ui.cheatsheets,3.4.100.v20110425,"org.eclipse.ui.cheatsheets",1351371038274
stopped,bundle,org.eclipse.help.ui,3.5.101.r37_20110819,"org.eclipse.help.ui",1351371038275
stopped,bundle,org.eclipse.help.webapp,3.6.1.r37_20110929,"org.eclipse.help.webapp",1351371038275
stopped,bundle,org.eclipse.epp.mpc.ui,1.1.1.I20110907-0947,"org.eclipse.epp.mpc.ui",1351371038276
stopped,bundle,org.eclipse.epp.usagedata.ui,1.3.1.R201106061540,"org.eclipse.epp.usagedata.ui",1351371038276
stopped,bundle,org.eclipse.ui.intro.universal,3.2.500.v20110510,"org.eclipse.ui.intro.universal",1351371038277
stopped,bundle,org.eclipse.ui.intro,3.4.100.v20110425,"org.eclipse.ui.intro",1351371038279
stopped,bundle,org.eclipse.help.base,3.6.2.v201202080800,"org.eclipse.help.base",1351371038279
stopped,bundle,org.eclipse.equinox.http.jetty,2.0.100.v20110502,"org.eclipse.equinox.http.jetty",1351371038281
stopped,bundle,org.eclipse.m2e.core.ui,1.0.200.20111228-1245,"org.eclipse.m2e.core.ui",1351371038281
stopped,bundle,org.eclipse.m2e.core,1.0.200.20111228-1245,"org.eclipse.m2e.core",1351371038282
stopped,bundle,org.eclipse.mylyn.ide.ant,3.7.1.v20120425-0100,"org.eclipse.mylyn.ide.ant",1351371038283
stopped,bundle,org.eclipse.ant.ui,3.5.101.v20120110-1739,"org.eclipse.ant.ui",1351371038283
stopped,bundle,org.eclipse.ant.launching,1.0.101.v20120110-1739,"org.eclipse.ant.launching",1351371038283
stopped,bundle,org.eclipse.egit.mylyn.ui,1.3.0.201202151440-r,"org.eclipse.egit.mylyn.ui",1351371038283
stopped,bundle,org.eclipse.egit.ui,1.3.0.201202151440-r,"org.eclipse.egit.ui",1351371038283
stopped,bundle,org.eclipse.egit.core,1.3.0.201202151440-r,"org.eclipse.egit.core",1351371038283
stopped,bundle,org.eclipse.equinox.p2.ui.sdk,1.0.200.v20110815-1419,"org.eclipse.equinox.p2.ui.sdk",1351371038283
stopped,bundle,org.eclipse.mylyn.java.tasks,3.7.1.v20120425-0100,"org.eclipse.mylyn.java.tasks",1351371038284
stopped,bundle,org.eclipse.mylyn.java.ui,3.7.1.v20120425-0100,"org.eclipse.mylyn.java.ui",1351371038284
stopped,bundle,org.eclipse.jdt.junit,3.7.0.v20110928-1453,"org.eclipse.jdt.junit",1351371038284
stopped,bundle,org.eclipse.jdt.apt.ui,3.3.300.v20110305-1450,"org.eclipse.jdt.apt.ui",1351371038284
stopped,bundle,org.eclipse.jdt.debug.ui,3.6.1.v20111006_r372,"org.eclipse.jdt.debug.ui",1351371038284
stopped,bundle,org.eclipse.wb.swing.databinding,1.3.0.r37x201202021417,"org.eclipse.wb.swing.databinding",1351371038285
stopped,bundle,org.eclipse.wb.core.databinding,1.3.0.r37x201202052311,"org.eclipse.wb.core.databinding",1351371038285
stopped,bundle,org.eclipse.wb.swing.FormLayout,1.3.0.r37x201202021417,"org.eclipse.wb.swing.FormLayout",1351371038286
stopped,bundle,org.eclipse.wb.swing.MigLayout,1.3.0.r37x201202021417,"org.eclipse.wb.swing.MigLayout",1351371038286
stopped,bundle,org.eclipse.wb.swing.java6,1.3.0.r37x201202021417,"org.eclipse.wb.swing.java6",1351371038287
stopped,bundle,org.eclipse.wb.swing.jsr296,1.3.0.r37x201202021417,"org.eclipse.wb.swing.jsr296",1351371038287
stopped,bundle,org.eclipse.wb.swing,1.3.0.r37x201202021417,"org.eclipse.wb.swing",1351371038288
stopped,bundle,org.eclipse.wb.core.ui,1.3.0.r37x201202052340,"org.eclipse.wb.core.ui",1351371038288
stopped,bundle,org.eclipse.wb.layout.group,1.3.0.r37x201202060028,"org.eclipse.wb.layout.group",1351371038289
stopped,bundle,org.eclipse.wb.os.macosx,1.3.0.r37x201202052311,"org.eclipse.wb.os.macosx",1351371038290
stopped,bundle,org.eclipse.wb.core,1.3.0.r37x201202052311,"org.eclipse.wb.core",1351371038290
stopped,bundle,com.collabnet.subversion.merge,3.0.8,"com.collabnet.subversion.merge",1351371038291
stopped,bundle,org.tigris.subversion.subclipse.graph,1.1.1,"org.tigris.subversion.subclipse.graph",1351371038291
stopped,bundle,org.tigris.subversion.subclipse.mylyn,3.0.0,"org.tigris.subversion.subclipse.mylyn",1351371038291
stopped,bundle,org.tigris.subversion.subclipse.tools.usage,1.1.0,"org.tigris.subversion.subclipse.tools.usage",1351371038293
stopped,bundle,org.tigris.subversion.subclipse.ui,1.8.9,"org.tigris.subversion.subclipse.ui",1351371038308
stopped,bundle,org.eclipse.jdt.ui,3.7.2.v20120109-1427,"org.eclipse.jdt.ui",1351371038322
stopped,bundle,org.eclipse.wst.dtd.ui,1.0.600.v201103171359,"org.eclipse.wst.dtd.ui",1351371038322
stopped,bundle,org.eclipse.wst.xsd.ui,1.2.404.v201105050216,"org.eclipse.wst.xsd.ui",1351371038323
stopped,bundle,org.eclipse.wst.xml.ui,1.1.202.v201112071516,"org.eclipse.wst.xml.ui",1351371038323
stopped,bundle,org.eclipse.wst.common.ui,1.1.500.v200911190730,"org.eclipse.wst.common.ui",1351371038324
stopped,bundle,org.eclipse.wst.sse.ui,1.3.2.v201201041522,"org.eclipse.wst.sse.ui",1351371038324
stopped,bundle,org.eclipse.search,3.7.0.v20110928-1504,"org.eclipse.search",1351371038338
stopped,bundle,org.eclipse.mylyn.commons.team,0.9.1.v20120412-0100,"org.eclipse.mylyn.commons.team",1351371038341
stopped,bundle,org.eclipse.mylyn.team.ui,3.7.1.v20120425-0100,"org.eclipse.mylyn.team.ui",1351371038341
stopped,bundle,org.eclipse.ui.navigator.resources,3.4.300.v20110928-1505,"org.eclipse.ui.navigator.resources",1351371038342
stopped,bundle,org.eclipse.ltk.ui.refactoring,3.6.0.v20110928-1453,"org.eclipse.ltk.ui.refactoring",1351371038342
stopped,bundle,org.eclipse.team.cvs.ui,3.3.401.v20120126-1227,"org.eclipse.team.cvs.ui",1351371038343
stopped,bundle,org.eclipse.team.ui,3.6.101.R37x_v20111109-0800,"org.eclipse.team.ui",1351371038345
stopped,bundle,org.eclipse.mylyn.bugzilla.ui,3.7.1.v20120425-0100,"org.eclipse.mylyn.bugzilla.ui",1351371038345
stopped,bundle,org.eclipse.mylyn.ide.ui,3.7.1.v20120425-0100,"org.eclipse.mylyn.ide.ui",1351371038345
stopped,bundle,org.eclipse.mylyn.resources.ui,3.7.1.v20120425-0100,"org.eclipse.mylyn.resources.ui",1351371038346
stopped,bundle,org.eclipse.mylyn.wikitext.tasks.ui,1.5.0.v20110608-1400,"org.eclipse.mylyn.wikitext.tasks.ui",1351371038346
stopped,bundle,org.eclipse.mylyn.context.tasks.ui,3.7.1.v20120425-0100,"org.eclipse.mylyn.context.tasks.ui",1351371038346
stopped,bundle,org.eclipse.mylyn.help.ui,3.7.1.v20120425-0100,"org.eclipse.mylyn.help.ui",1351371038346
stopped,bundle,org.eclipse.mylyn.tasks.bugs,3.7.1.v20120425-0100,"org.eclipse.mylyn.tasks.bugs",1351371038346
stopped,bundle,org.eclipse.mylyn.tasks.ui,3.7.1.v20120425-0100,"org.eclipse.mylyn.tasks.ui",1351371038346
stopped,bundle,org.eclipse.compare,3.5.202.R37x_v20111109-0800,"org.eclipse.compare",1351371038347
stopped,bundle,org.eclipse.ui.externaltools,3.2.0.v20111007_r372,"org.eclipse.ui.externaltools",1351371038348
stopped,bundle,org.eclipse.debug.ui,3.7.102.v20111129-1423_r372,"org.eclipse.debug.ui",1351371038348
stopped,bundle,org.eclipse.mylyn.wikitext.ui,1.5.0.v20110608-1400,"org.eclipse.mylyn.wikitext.ui",1351371038351
stopped,bundle,org.eclipse.ui.console,3.5.100.v20111007_r372,"org.eclipse.ui.console",1351371038351
stopped,bundle,org.eclipse.mylyn.commons.notifications,0.9.1.v20120412-0100,"org.eclipse.mylyn.commons.notifications",1351371038351
stopped,bundle,org.eclipse.mylyn.commons.notifications.ui,0.9.1.v20120425-0100,"org.eclipse.mylyn.commons.notifications.ui",1351371038352
stopped,bundle,org.eclipse.mylyn.commons.repositories.ui,0.9.1.v20120425-0100,"org.eclipse.mylyn.commons.repositories.ui",1351371038352
stopped,bundle,org.eclipse.mylyn.context.ui,3.7.1.v20120425-0100,"org.eclipse.mylyn.context.ui",1351371038353
stopped,bundle,org.eclipse.mylyn.commons.workbench,3.7.1.v20120425-0100,"org.eclipse.mylyn.commons.workbench",1351371038354
stopped,bundle,org.eclipse.mylyn.commons.ui,3.7.1.v20120425-0100,"org.eclipse.mylyn.commons.ui",1351371038354
stopped,bundle,org.eclipse.ui.editors,3.7.0.v20110928-1504,"org.eclipse.ui.editors",1351371038354
stopped,bundle,org.eclipse.wst.common.snippets,1.2.100.v201103281740,"org.eclipse.wst.common.snippets",1351371038354
stopped,bundle,org.eclipse.ui.workbench.texteditor,3.7.0.v20110928-1504,"org.eclipse.ui.workbench.texteditor",1351371038354
activated,perspective,org.eclipse.jdt.ui,,"org.eclipse.jdt.ui.JavaPerspective",1351371054626
started,bundle,org.eclipse.osgi,3.7.2.v20120110-1415,"org.eclipse.osgi",1351371054629
started,bundle,org.eclipse.equinox.simpleconfigurator,1.0.200.v20110815-1438,"org.eclipse.equinox.simpleconfigurator",1351371054631
started,bundle,com.ibm.icu,4.4.2.v20110823,"com.ibm.icu",1351371054631
started,bundle,org.eclipse.compare,3.5.202.R37x_v20111109-0800,"org.eclipse.compare",1351371054632
started,bundle,org.eclipse.compare.core,3.5.200.I20110208-0800,"org.eclipse.compare.core",1351371054634
started,bundle,org.eclipse.core.contenttype,3.4.100.v20110423-0524,"org.eclipse.core.contenttype",1351371054636
started,bundle,org.eclipse.core.databinding.observable,1.4.0.I20110222-0800,"org.eclipse.core.databinding.observable",1351371054637
started,bundle,org.eclipse.core.expressions,3.4.300.v20110228,"org.eclipse.core.expressions",1351371054637
started,bundle,org.eclipse.core.filebuffers,3.5.200.v20110928-1504,"org.eclipse.core.filebuffers",1351371054639
started,bundle,org.eclipse.core.jobs,3.5.101.v20120113-1953,"org.eclipse.core.jobs",1351371054641
started,bundle,org.eclipse.core.net,1.2.100.I20110511-0800,"org.eclipse.core.net",1351371054642
started,bundle,org.eclipse.core.resources,3.7.101.v20120125-1505,"org.eclipse.core.resources",1351371054643
started,bundle,org.eclipse.core.runtime,3.7.0.v20110110,"org.eclipse.core.runtime",1351371054645
started,bundle,org.eclipse.core.runtime.compatibility,3.2.100.v20100505,"org.eclipse.core.runtime.compatibility",1351371054646
started,bundle,org.eclipse.core.runtime.compatibility.auth,3.2.200.v20110110,"org.eclipse.core.runtime.compatibility.auth",1351371054647
started,bundle,org.eclipse.epp.mpc.ui,1.1.1.I20110907-0947,"org.eclipse.epp.mpc.ui",1351371054649
started,bundle,org.eclipse.epp.usagedata.gathering,1.3.1.R201106061540,"org.eclipse.epp.usagedata.gathering",1351371054650
started,bundle,org.eclipse.epp.usagedata.recording,1.3.1.R201106061540,"org.eclipse.epp.usagedata.recording",1351371054652
started,bundle,org.eclipse.equinox.app,1.3.100.v20110321,"org.eclipse.equinox.app",1351371054652
started,bundle,org.eclipse.equinox.common,3.6.0.v20110523,"org.eclipse.equinox.common",1351371054654
started,bundle,org.eclipse.equinox.ds,1.3.1.R37x_v20110701,"org.eclipse.equinox.ds",1351371054656
started,bundle,org.eclipse.equinox.event,1.2.100.v20110502,"org.eclipse.equinox.event",1351371054657
started,bundle,org.eclipse.equinox.p2.core,2.1.1.v20120113-1346,"org.eclipse.equinox.p2.core",1351371054657
started,bundle,org.eclipse.equinox.p2.directorywatcher,1.0.300.v20110815-1419,"org.eclipse.equinox.p2.directorywatcher",1351371054658
started,bundle,org.eclipse.equinox.p2.engine,2.1.1.R37x_v20111003,"org.eclipse.equinox.p2.engine",1351371054660
started,bundle,org.eclipse.equinox.p2.metadata,2.1.0.v20110815-1419,"org.eclipse.equinox.p2.metadata",1351371054661
started,bundle,org.eclipse.equinox.p2.metadata.repository,1.2.0.v20110815-1419,"org.eclipse.equinox.p2.metadata.repository",1351371054662
started,bundle,org.eclipse.equinox.p2.operations,2.1.1.R37x_v20111111,"org.eclipse.equinox.p2.operations",1351371054663
started,bundle,org.eclipse.equinox.p2.reconciler.dropins,1.1.100.v20110815-1419,"org.eclipse.equinox.p2.reconciler.dropins",1351371054664
started,bundle,org.eclipse.equinox.p2.repository,2.1.1.v20120113-1346,"org.eclipse.equinox.p2.repository",1351371054666
started,bundle,org.eclipse.equinox.p2.ui.sdk.scheduler,1.0.100.v20110815-1419,"org.eclipse.equinox.p2.ui.sdk.scheduler",1351371054667
started,bundle,org.eclipse.equinox.p2.updatechecker,1.1.200.v20110815-1419,"org.eclipse.equinox.p2.updatechecker",1351371054667
started,bundle,org.eclipse.equinox.preferences,3.4.2.v20120111-2020,"org.eclipse.equinox.preferences",1351371054668
started,bundle,org.eclipse.equinox.registry,3.5.101.R37x_v20110810-1611,"org.eclipse.equinox.registry",1351371054670
started,bundle,org.eclipse.equinox.security,1.1.1.R37x_v20110822-1018,"org.eclipse.equinox.security",1351371054671
started,bundle,org.eclipse.equinox.util,1.0.300.v20110502,"org.eclipse.equinox.util",1351371054672
started,bundle,org.eclipse.help,3.5.100.v20110426,"org.eclipse.help",1351371054673
started,bundle,org.eclipse.jdt.core,3.7.3.v20120119-1537,"org.eclipse.jdt.core",1351371054676
started,bundle,org.eclipse.jdt.core.manipulation,1.4.0.v20110928-1453,"org.eclipse.jdt.core.manipulation",1351371054678
started,bundle,org.eclipse.jdt.ui,3.7.2.v20120109-1427,"org.eclipse.jdt.ui",1351371054683
started,bundle,org.eclipse.jface,3.7.0.v20110928-1505,"org.eclipse.jface",1351371054683
started,bundle,org.eclipse.m2e.logback.configuration,1.0.200.20111228-1245,"org.eclipse.m2e.logback.configuration",1351371054684
started,bundle,org.eclipse.search,3.7.0.v20110928-1504,"org.eclipse.search",1351371054686
started,bundle,org.eclipse.team.core,3.6.0.I20110525-0800,"org.eclipse.team.core",1351371054688
started,bundle,org.eclipse.team.ui,3.6.101.R37x_v20111109-0800,"org.eclipse.team.ui",1351371054688
started,bundle,org.eclipse.ui,3.7.0.v20110928-1505,"org.eclipse.ui",1351371054690
started,bundle,org.eclipse.ui.console,3.5.100.v20111007_r372,"org.eclipse.ui.console",1351371054692
started,bundle,org.eclipse.ui.editors,3.7.0.v20110928-1504,"org.eclipse.ui.editors",1351371054694
started,bundle,org.eclipse.ui.forms,3.5.101.v20111011-1919,"org.eclipse.ui.forms",1351371054694
